File,Map,neon,omen,sova,breach,cypher
Rnd_1.json,Haven,A Link,C Logs,A Bricks,B Gong,C Link
Rnd_10.json,Haven,A Short,C Site,A Bricks,A Short,C Link
Rnd_11.json,Haven,A Bricks,C Site,A Bricks,A Flowers,Garage
Rnd_12.json,Haven,Garage,A Site,A Bricks,A Site,C Link
Rnd_2.json,Haven,A Link,C Backsite,A Bricks,B Gong,C Dark
Rnd_3.json,Haven,A Site,A Site,A Bricks,A Short,C Link
Rnd_4.json,Haven,A Bricks,C Site,A Bricks,C Backsite,C Site
Rnd_5.json,Haven,A Bricks,A Short,A Bricks,A Short,Garage Window
Rnd_6.json,Haven,Garage,C Dark,A Bricks,A Link,A Heaven/Hell
Rnd_7.json,Haven,A Bricks,C Link,A Bricks,B Site,C Long
Rnd_8.json,Haven,A Bricks,A Short,A Bricks,A Site,C Long
Rnd_9.json,Haven,A Site,C Dark,A Bricks,A Site,Garage
